ProcessingEntityId=103310853753,Frequency=adhoc,,,,,,,,,,,,,,,,,,,,,,,,,,,,,,,,,,,,,,,,,,,,,,,,,,,,,,,,,,,,,,,,,,,,,,,,,,,,,,,,,,,,,,,,,
ProcessingEntityId=103310853753,ReportTypeName=SettlementDetails,Frequency=adhoc,FromDate=2023-09-08,ToDate=2023-09-13,GenerationDate=2023-10-24,GenerationTime=12:52:51,,,,,,,,,,,,,,,,,,,,,,,,,,,,,,,,,,,,,,,,,,,,,,,,,,,,,,,,,,,,,,,,,,,,,,,,,,,,,,,,,,,,
Account Number,ACI Indicator,Acquirer Reference Number,Activity Timestamp,Affluent Card Type Code,Authorization Code,Bank Identification Code,Bank Sort Code,Business Unit Identifier,Card BIN,Card Product Type,Card Security Value Response Code,Card Usage Type,Cash Back Amount,Commercial Card Code,Company External Identifier,Company Internal Identifier,Consumer Bank Country Code,Country of Issuance,Credit Card Expiration Year Month Number,Current Merchant Activity Indicator,Customer Sign Date,Debit Asset Class Code,Debit Surcharge Amount,Deposit Date,Digital Token Method Code,Downgrade Reason Code,Downgrade Reason Text,Durbin Amendment Regulator Indicator,EBT Account Type,Enhance Address Verification Service Response Code,Entity Identifier,Entity Name,Entity Type Code,Fund Transfer Effective Date,Fund Transfer Identifier,Fund Transfer Instruction Number,Funds Transfer Category Code,Funds Transfer Category Description,Healthcare Card Type Code,Interchange Fee Rate,Interchange Qualification Code,Interchange Qualification Text,Interchange Unit Fee Amount,Internal Transaction Division Internal Identifier,International Bank Account Number,Level 2 Tax Amount,Level 3 Card Type Code,Mandate Identifier,Mandate Sequence Type Code,Merchant Action Code,Merchant Action Text,Merchant Activity Date Range,Merchant Category Code,Merchant End Of Day Text,Merchant Information Description,Merchant Order Number,Merchant Presenter Identifier,Merchant Service Authorization Response Code,Merchant Transaction Action Text,Online Submission Indicator,Other Debit Passthrough Fee Amount,Payment Method Code,Payment Method Code Description Text,Payroll Card Type Code,Pinless Debit Card Type Code,POS Entry Mode,Prepaid Card Type Code,Presentment Amount,Presentment Currency Code,Receiving Depository Financial Institution Number,Record Number,Settled Conveyed Code,Settled Total Assessment Amount,Settled Total Interchange Amount,Settled Total Other Amount,Settlement Amount,Settlement Currency Code,Signature Debit Card Type Code,Submission Identifier,Submission Timestamp,Surcharge Amount,Trace Number,Transaction Deposit Indicator,Transaction Division External Identifier,Transaction Identifier,Transaction Processing Entity Identifier,Transaction Timestamp,Transaction Type Code,Transaction Type Text,Voucher Number
546604XXXXXX2868,,,2023-09-09T01:59:59.000Z,Y,,,,994268,546604XX,H,,1,,N,267992,662806,,US,27-Oct,FALSE,,N,,9/6/2023,0,,,N,,,0,,,2023-09-08T04:00:00.000Z,13730215506,3187719,EFEFT,Effective Funds Transfer,N,0.00E+00,NONE,NONE,0.00E+00,1790853,,,N,,,AU,AUTHORIZATIONS,2023-09-07 thru 2023-09-07,6211,10:00:00 PM,Y,WFNaseF67sVhxb4rhOjRx6,650408,530,Sale Authorize Only,Y,0.00E+00,MC,MasterCard,N,X,10,N,0.01,USD,,63551,S,0.00E+00,0.00E+00,0.00E+00,0.01,USD,N,30906.0211f,2023-09-07T02:03:18.000Z,0.00E+00,,N,463136,1.55209E+12,1.03311E+11,2023-09-07T02:03:18.000Z,7,ECI Indicator - Channel Encrypted Transaction,
546604XXXXXX2868,,,2023-09-09T01:59:59.000Z,Y,,,,994268,546604XX,H,,1,,N,267992,662806,,US,27-Oct,FALSE,,N,,9/7/2023,0,,,N,,,0,,,2023-09-08T04:00:00.000Z,13730215506,3187719,EFEFT,Effective Funds Transfer,N,0.00E+00,NONE,NONE,0.00E+00,1790853,,,N,,,AU,AUTHORIZATIONS,2023-09-07 thru 2023-09-07,6211,10:00:00 PM,Y,OPixF9GJfRSX1sSW9AEaU7,650408,530,Sale Authorize Only,Y,0.00E+00,MC,MasterCard,N,X,10,N,0.01,USD,,12876,S,0.00E+00,0.00E+00,0.00E+00,0.01,USD,N,30907.0001f,2023-09-07T02:06:44.000Z,0.00E+00,,N,463136,1.55209E+12,1.03311E+11,2023-09-07T02:06:44.000Z,7,ECI Indicator - Channel Encrypted Transaction,
546604XXXXXX2868,,,2023-09-09T01:59:59.000Z,Y,,,,994268,546604XX,H,,1,,N,267992,662806,,US,27-Oct,FALSE,,N,,9/7/2023,0,,,N,,,0,,,2023-09-08T04:00:00.000Z,13730215506,3187719,EFEFT,Effective Funds Transfer,N,0.00E+00,NONE,NONE,0.00E+00,1790853,,,N,,,AU,AUTHORIZATIONS,2023-09-07 thru 2023-09-07,6211,10:00:00 PM,Y,oRHGyQ7yYT4xaIxkHI2265,650408,530,Sale Authorize Only,Y,0.00E+00,MC,MasterCard,N,X,10,N,0.01,USD,,44074,S,0.00E+00,0.00E+00,0.00E+00,0.01,USD,N,30907.0002c,2023-09-07T02:16:51.000Z,0.00E+00,,N,463136,1.5521E+12,1.03311E+11,2023-09-07T02:16:51.000Z,7,ECI Indicator - Channel Encrypted Transaction,
546604XXXXXX2868,,,2023-09-09T01:59:59.000Z,Y,,,,994268,546604XX,H,,1,,N,267992,662806,,US,27-Oct,FALSE,,N,,9/7/2023,0,,,N,,,0,,,2023-09-08T04:00:00.000Z,13730215506,3187719,EFEFT,Effective Funds Transfer,N,0.00E+00,NONE,NONE,0.00E+00,1790853,,,N,,,AU,AUTHORIZATIONS,2023-09-07 thru 2023-09-07,6211,10:00:00 PM,Y,tjKNncR3RE1k2HmWPcVGH5,650408,530,Sale Authorize Only,Y,0.00E+00,MC,MasterCard,N,X,10,N,0.01,USD,,56981,S,0.00E+00,0.00E+00,0.00E+00,0.01,USD,N,30907.0008c,2023-09-07T02:26:02.000Z,0.00E+00,,N,463136,1.5521E+12,1.03311E+11,2023-09-07T02:26:02.000Z,7,ECI Indicator - Channel Encrypted Transaction,
546604XXXXXX2868,,,2023-09-09T01:59:59.000Z,Y,,,,994268,546604XX,H,,1,,N,267992,662806,,US,27-Oct,FALSE,,N,,9/7/2023,0,,,N,,,0,,,2023-09-08T04:00:00.000Z,13730215506,3187719,EFEFT,Effective Funds Transfer,N,0.00E+00,NONE,NONE,0.00E+00,1790853,,,N,,,AU,AUTHORIZATIONS,2023-09-07 thru 2023-09-07,6211,10:00:00 PM,Y,SDT7XqtXsE8fQb9pNDggX3,650408,530,Sale Authorize Only,Y,0.00E+00,MC,MasterCard,N,X,10,N,0.01,USD,,53371,S,0.00E+00,0.00E+00,0.00E+00,0.01,USD,N,30907.0008f,2023-09-07T02:15:15.000Z,0.00E+00,,N,463136,1.5521E+12,1.03311E+11,2023-09-07T02:15:15.000Z,7,ECI Indicator - Channel Encrypted Transaction,
546604XXXXXX2868,,,2023-09-09T01:59:59.000Z,Y,,,,994268,546604XX,H,,1,,N,267992,662806,,US,27-Oct,FALSE,,N,,9/7/2023,0,,,N,,,0,,,2023-09-08T04:00:00.000Z,13730215506,3187719,EFEFT,Effective Funds Transfer,N,0.00E+00,NONE,NONE,0.00E+00,1790853,,,N,,,AU,AUTHORIZATIONS,2023-09-07 thru 2023-09-07,6211,10:00:00 PM,Y,krrQmkS8uN4CRHOft4l9T4,650408,530,Sale Authorize Only,Y,0.00E+00,MC,MasterCard,N,X,10,N,0.01,USD,,2809,S,0.00E+00,0.00E+00,0.00E+00,0.01,USD,N,30907.0010f,2023-09-07T02:27:10.000Z,0.00E+00,,N,463136,1.5521E+12,1.03311E+11,2023-09-07T02:27:10.000Z,7,ECI Indicator - Channel Encrypted Transaction,
546604XXXXXX2868,,,2023-09-09T01:59:59.000Z,Y,,,,994268,546604XX,H,,1,,N,267992,662806,,US,27-Oct,FALSE,,N,,9/7/2023,0,,,N,,,0,,,2023-09-08T04:00:00.000Z,13730215506,3187719,EFEFT,Effective Funds Transfer,N,0.00E+00,NONE,NONE,0.00E+00,1790853,,,N,,,AU,AUTHORIZATIONS,2023-09-07 thru 2023-09-07,6211,10:00:00 PM,Y,6e5DNdbe28wBnp2H5glqr2,650408,530,Sale Authorize Only,Y,0.00E+00,MC,MasterCard,N,X,10,N,0.01,USD,,54053,S,0.00E+00,0.00E+00,0.00E+00,0.01,USD,N,30907.0015f,2023-09-07T02:35:03.000Z,0.00E+00,,N,463136,1.5521E+12,1.03311E+11,2023-09-07T02:35:03.000Z,7,ECI Indicator - Channel Encrypted Transaction,
546604XXXXXX2868,,,2023-09-09T01:59:59.000Z,Y,,,,994268,546604XX,H,,1,,N,267992,662806,,US,27-Oct,FALSE,,N,,9/7/2023,0,,,N,,,0,,,2023-09-08T04:00:00.000Z,13730215506,3187719,EFEFT,Effective Funds Transfer,N,0.00E+00,NONE,NONE,0.00E+00,1790853,,,N,,,AU,AUTHORIZATIONS,2023-09-07 thru 2023-09-07,6211,10:00:00 PM,Y,XLK4Gkyxi6CsrxW0pOd2T2,650408,530,Sale Authorize Only,Y,0.00E+00,MC,MasterCard,N,X,10,N,0.01,USD,,1606,S,0.00E+00,0.00E+00,0.00E+00,0.01,USD,N,30907.0016f,2023-09-07T02:35:31.000Z,0.00E+00,,N,463136,1.5521E+12,1.03311E+11,2023-09-07T02:35:31.000Z,7,ECI Indicator - Channel Encrypted Transaction,
546604XXXXXX2868,,,2023-09-09T01:59:59.000Z,Y,,,,994268,546604XX,H,,1,,N,267992,662806,,US,27-Oct,FALSE,,N,,9/7/2023,0,,,N,,,0,,,2023-09-08T04:00:00.000Z,13730215506,3187719,EFEFT,Effective Funds Transfer,N,0.00E+00,NONE,NONE,0.00E+00,1790853,,,N,,,AU,AUTHORIZATIONS,2023-09-07 thru 2023-09-07,6211,10:00:00 PM,Y,mUbPZAFjzgdTn1GV1H0zt4,650408,530,Sale Authorize Only,Y,0.00E+00,MC,MasterCard,N,X,10,N,0.01,USD,,96952,S,0.00E+00,0.00E+00,0.00E+00,0.01,USD,N,30907.0019f,2023-09-07T02:43:32.000Z,0.00E+00,,N,463136,1.55211E+12,1.03311E+11,2023-09-07T02:43:32.000Z,7,ECI Indicator - Channel Encrypted Transaction,
546604XXXXXX2868,,,2023-09-09T01:59:59.000Z,Y,,,,994268,546604XX,H,,1,,N,267992,662806,,US,27-Oct,FALSE,,N,,9/7/2023,0,,,N,,,0,,,2023-09-08T04:00:00.000Z,13730215506,3187719,EFEFT,Effective Funds Transfer,N,0.00E+00,NONE,NONE,0.00E+00,1790853,,,N,,,AU,AUTHORIZATIONS,2023-09-07 thru 2023-09-07,6211,10:00:00 PM,Y,450Sg8Pw7kska9h2hLCij2,650408,530,Sale Authorize Only,Y,0.00E+00,MC,MasterCard,N,X,10,N,0.01,USD,,105874,S,0.00E+00,0.00E+00,0.00E+00,0.01,USD,N,30907.001Ac,2023-09-07T02:54:09.000Z,0.00E+00,,N,463136,1.55211E+12,1.03311E+11,2023-09-07T02:54:09.000Z,7,ECI Indicator - Channel Encrypted Transaction,
546604XXXXXX2868,,,2023-09-09T01:59:59.000Z,Y,,,,994268,546604XX,H,,1,,N,267992,662806,,US,27-Oct,FALSE,,N,,9/7/2023,0,,,N,,,0,,,2023-09-08T04:00:00.000Z,13730215506,3187719,EFEFT,Effective Funds Transfer,N,0.00E+00,NONE,NONE,0.00E+00,1790853,,,N,,,AU,AUTHORIZATIONS,2023-09-07 thru 2023-09-07,6211,10:00:00 PM,Y,DWC9s5ZvE4oqZgCofrAVA1,650408,530,Sale Authorize Only,Y,0.00E+00,MC,MasterCard,N,X,10,N,0.01,USD,,83169,S,0.00E+00,0.00E+00,0.00E+00,0.01,USD,N,30907.001Ac,2023-09-07T02:54:09.000Z,0.00E+00,,N,463136,1.55211E+12,1.03311E+11,2023-09-07T02:54:09.000Z,7,ECI Indicator - Channel Encrypted Transaction,
546604XXXXXX2868,,,2023-09-09T01:59:59.000Z,Y,,,,994268,546604XX,H,,1,,N,267992,662806,,US,27-Oct,FALSE,,N,,9/7/2023,0,,,N,,,0,,,2023-09-08T04:00:00.000Z,13730215506,3187719,EFEFT,Effective Funds Transfer,N,0.00E+00,NONE,NONE,0.00E+00,1790853,,,N,,,AU,AUTHORIZATIONS,2023-09-07 thru 2023-09-07,6211,10:00:00 PM,Y,w9LdKqBLgKrInb7V6EpKH7,650408,530,Sale Authorize Only,Y,0.00E+00,MC,MasterCard,N,X,10,N,0.01,USD,,33225,S,0.00E+00,0.00E+00,0.00E+00,0.01,USD,N,30907.001Af,2023-09-07T02:44:00.000Z,0.00E+00,,N,463136,1.55211E+12,1.03311E+11,2023-09-07T02:44:00.000Z,7,ECI Indicator - Channel Encrypted Transaction,
546604XXXXXX2868,,,2023-09-09T01:59:59.000Z,Y,,,,994268,546604XX,H,,1,,N,267992,662806,,US,27-Oct,FALSE,,N,,9/7/2023,0,,,N,,,0,,,2023-09-08T04:00:00.000Z,13730215506,3187719,EFEFT,Effective Funds Transfer,N,0.00E+00,NONE,NONE,0.00E+00,1790853,,,N,,,AU,AUTHORIZATIONS,2023-09-07 thru 2023-09-07,6211,10:00:00 PM,Y,H5gGEpzNcQ5yngQT6j5124,650408,530,Sale Authorize Only,Y,0.00E+00,MC,MasterCard,N,X,10,N,0.01,USD,,76874,S,0.00E+00,0.00E+00,0.00E+00,0.01,USD,N,30907.0020c,2023-09-07T03:04:13.000Z,0.00E+00,,N,463136,1.55212E+12,1.03311E+11,2023-09-07T03:04:13.000Z,7,ECI Indicator - Channel Encrypted Transaction,
546604XXXXXX2868,,,2023-09-09T01:59:59.000Z,Y,,,,994268,546604XX,H,,1,,N,267992,662806,,US,27-Oct,FALSE,,N,,9/7/2023,0,,,N,,,0,,,2023-09-08T04:00:00.000Z,13730215506,3187719,EFEFT,Effective Funds Transfer,N,0.00E+00,NONE,NONE,0.00E+00,1790853,,,N,,,AU,AUTHORIZATIONS,2023-09-07 thru 2023-09-07,6211,10:00:00 PM,Y,Ed2UunPdSLdHjZTcKzZnt,650408,530,Sale Authorize Only,Y,0.00E+00,MC,MasterCard,N,X,10,N,0.01,USD,,50072,S,0.00E+00,0.00E+00,0.00E+00,0.01,USD,N,30907.002Af,2023-09-07T03:05:16.000Z,0.00E+00,,N,463136,1.55212E+12,1.03311E+11,2023-09-07T03:05:16.000Z,7,ECI Indicator - Channel Encrypted Transaction,
546604XXXXXX2868,,,2023-09-09T01:59:59.000Z,Y,,,,994268,546604XX,H,,1,,N,267992,662806,,US,27-Oct,FALSE,,N,,9/7/2023,0,,,N,,,0,,,2023-09-08T04:00:00.000Z,13730215506,3187719,EFEFT,Effective Funds Transfer,N,0.00E+00,NONE,NONE,0.00E+00,1790853,,,N,,,AU,AUTHORIZATIONS,2023-09-07 thru 2023-09-07,6211,10:00:00 PM,Y,eDf956Yq3rcQSTND20B3R6,650408,530,Sale Authorize Only,Y,0.00E+00,MC,MasterCard,N,X,10,N,0.01,USD,,75583,S,0.00E+00,0.00E+00,0.00E+00,0.01,USD,N,30907.002Cc,2023-09-07T03:24:22.000Z,0.00E+00,,N,463136,1.55213E+12,1.03311E+11,2023-09-07T03:24:22.000Z,7,ECI Indicator - Channel Encrypted Transaction,
546604XXXXXX2868,,,2023-09-09T01:59:59.000Z,Y,,,,994268,546604XX,H,,1,,N,267992,662806,,US,27-Oct,FALSE,,N,,9/7/2023,0,,,N,,,0,,,2023-09-08T04:00:00.000Z,13730215506,3187719,EFEFT,Effective Funds Transfer,N,0.00E+00,NONE,NONE,0.00E+00,1790853,,,N,,,AU,AUTHORIZATIONS,2023-09-07 thru 2023-09-07,6211,10:00:00 PM,Y,QfsvQFwVn6bqsGHhxnF967,650408,530,Sale Authorize Only,Y,0.00E+00,MC,MasterCard,N,X,10,N,0.01,USD,,94694,S,0.00E+00,0.00E+00,0.00E+00,0.01,USD,N,30907.002Df,2023-09-07T03:13:42.000Z,0.00E+00,,N,463136,1.55212E+12,1.03311E+11,2023-09-07T03:13:42.000Z,7,ECI Indicator - Channel Encrypted Transaction,
546604XXXXXX2868,,,2023-09-09T01:59:59.000Z,Y,,,,994268,546604XX,H,,1,,N,267992,662806,,US,27-Oct,FALSE,,N,,9/7/2023,0,,,N,,,0,,,2023-09-08T04:00:00.000Z,13730215506,3187719,EFEFT,Effective Funds Transfer,N,0.00E+00,NONE,NONE,0.00E+00,1790853,,,N,,,AU,AUTHORIZATIONS,2023-09-07 thru 2023-09-07,6211,10:00:00 PM,Y,bjci9sIUHzLIilKRcCE7j2,650408,530,Sale Authorize Only,Y,0.00E+00,MC,MasterCard,N,X,10,N,0.01,USD,,29278,S,0.00E+00,0.00E+00,0.00E+00,0.01,USD,N,30907.002Ef,2023-09-07T03:14:18.000Z,0.00E+00,,N,463136,1.55212E+12,1.03311E+11,2023-09-07T03:14:18.000Z,7,ECI Indicator - Channel Encrypted Transaction,
546604XXXXXX2868,,,2023-09-09T01:59:59.000Z,Y,,,,994268,546604XX,H,,1,,N,267992,662806,,US,27-Oct,FALSE,,N,,9/7/2023,0,,,N,,,0,,,2023-09-08T04:00:00.000Z,13730215506,3187719,EFEFT,Effective Funds Transfer,N,0.00E+00,NONE,NONE,0.00E+00,1790853,,,N,,,AU,AUTHORIZATIONS,2023-09-07 thru 2023-09-07,6211,10:00:00 PM,Y,3N4xvL0Do4Lx9Sp21MJ2d4,650408,530,Sale Authorize Only,Y,0.00E+00,MC,MasterCard,N,X,10,N,0.01,USD,,85695,S,0.00E+00,0.00E+00,0.00E+00,0.01,USD,N,30907.0032c,2023-09-07T03:34:26.000Z,0.00E+00,,N,463136,1.55213E+12,1.03311E+11,2023-09-07T03:34:26.000Z,7,ECI Indicator - Channel Encrypted Transaction,
546604XXXXXX2868,,,2023-09-09T01:59:59.000Z,Y,,,,994268,546604XX,H,,1,,N,267992,662806,,US,27-Oct,FALSE,,N,,9/7/2023,0,,,N,,,0,,,2023-09-08T04:00:00.000Z,13730215506,3187719,EFEFT,Effective Funds Transfer,N,0.00E+00,NONE,NONE,0.00E+00,1790853,,,N,,,AU,AUTHORIZATIONS,2023-09-07 thru 2023-09-07,6211,10:00:00 PM,Y,b1k7pOgKT1BYS25SksVHA7,650408,530,Sale Authorize Only,Y,0.00E+00,MC,MasterCard,N,X,10,N,0.01,USD,,72267,S,0.00E+00,0.00E+00,0.00E+00,0.01,USD,N,30907.0032c,2023-09-07T03:34:26.000Z,0.00E+00,,N,463136,1.55213E+12,1.03311E+11,2023-09-07T03:34:26.000Z,7,ECI Indicator - Channel Encrypted Transaction,
546604XXXXXX2868,,,2023-09-09T01:59:59.000Z,Y,,,,994268,546604XX,H,,1,,N,267992,662806,,US,27-Oct,FALSE,,N,,9/7/2023,0,,,N,,,0,,,2023-09-08T04:00:00.000Z,13730215506,3187719,EFEFT,Effective Funds Transfer,N,0.00E+00,NONE,NONE,0.00E+00,1790853,,,N,,,AU,AUTHORIZATIONS,2023-09-07 thru 2023-09-07,6211,10:00:00 PM,Y,Dyp0ZFxvyyXM1RQbBTNoO4,650408,530,Sale Authorize Only,Y,0.00E+00,MC,MasterCard,N,X,10,N,0.01,USD,,16196,S,0.00E+00,0.00E+00,0.00E+00,0.01,USD,N,30907.0037f,2023-09-07T03:27:09.000Z,0.00E+00,,N,463136,1.55213E+12,1.03311E+11,2023-09-07T03:27:09.000Z,7,ECI Indicator - Channel Encrypted Transaction,
546604XXXXXX2868,,,2023-09-09T01:59:59.000Z,Y,,,,994268,546604XX,H,,1,,N,267992,662806,,US,27-Oct,FALSE,,N,,9/7/2023,0,,,N,,,0,,,2023-09-08T04:00:00.000Z,13730215506,3187719,EFEFT,Effective Funds Transfer,N,0.00E+00,NONE,NONE,0.00E+00,1790853,,,N,,,AU,AUTHORIZATIONS,2023-09-07 thru 2023-09-07,6211,10:00:00 PM,Y,bl7HdefyLt8MR3NqfSzDt5,650408,530,Sale Authorize Only,Y,0.00E+00,MC,MasterCard,N,X,10,N,0.01,USD,,64818,S,0.00E+00,0.00E+00,0.00E+00,0.01,USD,N,30907.0038c,2023-09-07T03:44:30.000Z,0.00E+00,,N,463136,1.55213E+12,1.03311E+11,2023-09-07T03:44:30.000Z,7,ECI Indicator - Channel Encrypted Transaction,
546604XXXXXX2868,,,2023-09-09T01:59:59.000Z,Y,07491Z,,,994268,546604XX,H,,1,,N,267992,662806,,US,27-Oct,FALSE,,N,,9/7/2023,0,,,N,,,0,,,2023-09-08T04:00:00.000Z,13730215506,3187719,EFEFT,Effective Funds Transfer,N,0.00E+00,NONE,NONE,0.00E+00,1790853,,,N,,,AU,AUTHORIZATIONS,2023-09-07 thru 2023-09-07,6211,10:00:00 PM,Y,6axjvSEeieiM6wM9HDXr95,650408,100,Sale Authorize Only,Y,0.00E+00,MC,MasterCard,N,X,10,N,0.01,USD,,85863,S,0.00E+00,0.00E+00,0.00E+00,0.01,USD,N,30907.0043c,2023-09-07T04:04:37.000Z,0.00E+00,,N,463136,1.55214E+12,1.03311E+11,2023-09-07T04:04:37.000Z,7,ECI Indicator - Channel Encrypted Transaction,
546604XXXXXX2868,,,2023-09-09T01:59:59.000Z,Y,,,,994268,546604XX,H,,1,,N,267992,662806,,US,27-Oct,FALSE,,N,,9/7/2023,0,,,N,,,0,,,2023-09-08T04:00:00.000Z,13730215506,3187719,EFEFT,Effective Funds Transfer,N,0.00E+00,NONE,NONE,0.00E+00,1790853,,,N,,,AU,AUTHORIZATIONS,2023-09-07 thru 2023-09-07,6211,10:00:00 PM,Y,MiauNxCVup3CvJ454w8Xs5,650408,530,Sale Authorize Only,Y,0.00E+00,MC,MasterCard,N,X,10,N,0.01,USD,,8206,S,0.00E+00,0.00E+00,0.00E+00,0.01,USD,N,30907.0044f,2023-09-07T03:47:05.000Z,0.00E+00,,N,463136,1.55213E+12,1.03311E+11,2023-09-07T03:47:05.000Z,7,ECI Indicator - Channel Encrypted Transaction,
546604XXXXXX2868,,,2023-09-09T01:59:59.000Z,Y,,,,994268,546604XX,H,,1,,N,267992,662806,,US,27-Oct,FALSE,,N,,9/7/2023,0,,,N,,,0,,,2023-09-08T04:00:00.000Z,13730215506,3187719,EFEFT,Effective Funds Transfer,N,0.00E+00,NONE,NONE,0.00E+00,1790853,,,N,,,AU,AUTHORIZATIONS,2023-09-07 thru 2023-09-07,6211,10:00:00 PM,Y,C4GefOXSRa5FAbK0sHpXJ5,650408,530,Sale Authorize Only,Y,0.00E+00,MC,MasterCard,N,X,10,N,0.01,USD,,2121,S,0.00E+00,0.00E+00,0.00E+00,0.01,USD,N,30907.0048f,2023-09-07T03:56:15.000Z,0.00E+00,,N,463136,1.55214E+12,1.03311E+11,2023-09-07T03:56:15.000Z,7,ECI Indicator - Channel Encrypted Transaction,
546604XXXXXX2868,,,2023-09-09T01:59:59.000Z,,03871Z,,,994268,546604XX,H,,1,,,267992,662806,,US,27-Oct,FALSE,,,,9/7/2023,0,,,N,,,0,,,2023-09-08T04:00:00.000Z,13730215506,3187719,EFEFT,Effective Funds Transfer,,0.00E+00,NONE,NONE,0.00E+00,1790853,,,,,,AR,AUTHORIZATIONS,2023-09-07 thru 2023-09-07,6211,10:00:00 PM,Y,5uJPSNuAXD2dX2FKF3n6x5,650408,100,Auth Reversal,Y,0.00E+00,MC,MasterCard,,,,,0.01,USD,,73415,S,0.00E+00,0.00E+00,0.00E+00,0.01,USD,,30907.0049c,2023-09-07T04:14:41.000Z,0.00E+00,,N,463136,1.55214E+12,1.03311E+11,2023-09-07T04:14:41.000Z,7,ECI Indicator - Channel Encrypted Transaction,
546604XXXXXX2868,,,2023-09-09T01:59:59.000Z,,07441Z,,,994268,546604XX,H,,1,,,267992,662806,,US,27-Oct,FALSE,,,,9/7/2023,0,,,N,,,0,,,2023-09-08T04:00:00.000Z,13730215506,3187719,EFEFT,Effective Funds Transfer,,0.00E+00,NONE,NONE,0.00E+00,1790853,,,,,,AR,AUTHORIZATIONS,2023-09-07 thru 2023-09-07,6211,10:00:00 PM,Y,DMX2QFNKjDqG5v2klLGfQ7,650408,100,Auth Reversal,Y,0.00E+00,MC,MasterCard,,,,,0.01,USD,,86672,S,0.00E+00,0.00E+00,0.00E+00,0.01,USD,,30907.0049c,2023-09-07T04:14:41.000Z,0.00E+00,,N,463136,1.55214E+12,1.03311E+11,2023-09-07T04:14:41.000Z,7,ECI Indicator - Channel Encrypted Transaction,
546604XXXXXX2868,,,2023-09-09T01:59:59.000Z,Y,,,,994268,546604XX,H,,1,,N,267992,662806,,US,27-Oct,FALSE,,N,,9/7/2023,0,,,N,,,0,,,2023-09-08T04:00:00.000Z,13730215506,3187719,EFEFT,Effective Funds Transfer,N,0.00E+00,NONE,NONE,0.00E+00,1790853,,,N,,,AU,AUTHORIZATIONS,2023-09-07 thru 2023-09-07,6211,10:00:00 PM,Y,6CXdBVkkqZf979QUZiQEt4,650408,530,Sale Authorize Only,Y,0.00E+00,MC,MasterCard,N,X,10,N,0.01,USD,,25854,S,0.00E+00,0.00E+00,0.00E+00,0.01,USD,N,30907.004Af,2023-09-07T03:57:08.000Z,0.00E+00,,N,463136,1.55214E+12,1.03311E+11,2023-09-07T03:57:08.000Z,7,ECI Indicator - Channel Encrypted Transaction,
546604XXXXXX2868,,,2023-09-09T01:59:59.000Z,Y,03790Z,,,994268,546604XX,H,,1,,N,267992,662806,,US,27-Oct,FALSE,,N,,9/7/2023,0,,,N,,,0,,,2023-09-08T04:00:00.000Z,13730215506,3187719,EFEFT,Effective Funds Transfer,N,0.00E+00,NONE,NONE,0.00E+00,1790853,,,N,,,AU,AUTHORIZATIONS,2023-09-07 thru 2023-09-07,6211,10:00:00 PM,Y,wQYDWi5WYCCu4JyuilKsv1,650408,100,Sale Authorize Only,Y,0.00E+00,MC,MasterCard,N,X,10,N,0.01,USD,,117454,S,0.00E+00,0.00E+00,0.00E+00,0.01,USD,N,30907.004Bf,2023-09-07T04:01:30.000Z,0.00E+00,,N,463136,1.55214E+12,1.03311E+11,2023-09-07T04:01:30.000Z,7,ECI Indicator - Channel Encrypted Transaction,
546604XXXXXX2868,,,2023-09-09T01:59:59.000Z,,07491Z,,,994268,546604XX,H,,1,,,267992,662806,,US,27-Oct,FALSE,,,,9/7/2023,0,,,N,,,0,,,2023-09-08T04:00:00.000Z,13730215506,3187719,EFEFT,Effective Funds Transfer,,0.00E+00,NONE,NONE,0.00E+00,1790853,,,,,,AR,AUTHORIZATIONS,2023-09-07 thru 2023-09-07,6211,10:00:00 PM,Y,6axjvSEeieiM6wM9HDXr95,650408,100,Auth Reversal,Y,0.00E+00,MC,MasterCard,,,,,0.01,USD,,49750,S,0.00E+00,0.00E+00,0.00E+00,0.01,USD,,30907.004Df,2023-09-07T04:05:54.000Z,0.00E+00,,N,463136,1.55214E+12,1.03311E+11,2023-09-07T04:05:54.000Z,7,ECI Indicator - Channel Encrypted Transaction,
546604XXXXXX2868,,,2023-09-09T01:59:59.000Z,,03790Z,,,994268,546604XX,H,,1,,,267992,662806,,US,27-Oct,FALSE,,,,9/7/2023,0,,,N,,,0,,,2023-09-08T04:00:00.000Z,13730215506,3187719,EFEFT,Effective Funds Transfer,,0.00E+00,NONE,NONE,0.00E+00,1790853,,,,,,AR,AUTHORIZATIONS,2023-09-07 thru 2023-09-07,6211,10:00:00 PM,Y,wQYDWi5WYCCu4JyuilKsv1,650408,100,Auth Reversal,Y,0.00E+00,MC,MasterCard,,,,,0.01,USD,,11434,S,0.00E+00,0.00E+00,0.00E+00,0.01,USD,,30907.004Df,2023-09-07T04:05:54.000Z,0.00E+00,,N,463136,1.55214E+12,1.03311E+11,2023-09-07T04:05:54.000Z,7,ECI Indicator - Channel Encrypted Transaction,
546604XXXXXX2868,,,2023-09-09T01:59:59.000Z,,03922Z,,,994268,546604XX,H,,1,,,267992,662806,,US,27-Oct,FALSE,,,,9/7/2023,0,,,N,,,0,,,2023-09-08T04:00:00.000Z,13730215506,3187719,EFEFT,Effective Funds Transfer,,0.00E+00,NONE,NONE,0.00E+00,1790853,,,,,,AR,AUTHORIZATIONS,2023-09-07 thru 2023-09-07,6211,10:00:00 PM,Y,VVBZa9Zk6UxgEPgiUnjVG4,650408,100,Auth Reversal,Y,0.00E+00,MC,MasterCard,,,,,0.01,USD,,68232,S,0.00E+00,0.00E+00,0.00E+00,0.01,USD,,30907.004Fc,2023-09-07T04:24:45.000Z,0.00E+00,,N,463136,1.55215E+12,1.03311E+11,2023-09-07T04:24:45.000Z,7,ECI Indicator - Channel Encrypted Transaction,
546604XXXXXX2868,,,2023-09-09T01:59:59.000Z,Y,03871Z,,,994268,546604XX,H,,1,,N,267992,662806,,US,27-Oct,FALSE,,N,,9/7/2023,0,,,N,,,0,,,2023-09-08T04:00:00.000Z,13730215506,3187719,EFEFT,Effective Funds Transfer,N,0.00E+00,NONE,NONE,0.00E+00,1790853,,,N,,,AU,AUTHORIZATIONS,2023-09-07 thru 2023-09-07,6211,10:00:00 PM,Y,5uJPSNuAXD2dX2FKF3n6x5,650408,100,Sale Authorize Only,Y,0.00E+00,MC,MasterCard,N,X,10,N,0.01,USD,,103914,S,0.00E+00,0.00E+00,0.00E+00,0.01,USD,N,30907.0052f,2023-09-07T04:12:06.000Z,0.00E+00,,N,463136,1.55214E+12,1.03311E+11,2023-09-07T04:12:06.000Z,7,ECI Indicator - Channel Encrypted Transaction,
546604XXXXXX2868,,,2023-09-09T01:59:59.000Z,Y,07441Z,,,994268,546604XX,H,,1,,N,267992,662806,,US,27-Oct,FALSE,,N,,9/7/2023,0,,,N,,,0,,,2023-09-08T04:00:00.000Z,13730215506,3187719,EFEFT,Effective Funds Transfer,N,0.00E+00,NONE,NONE,0.00E+00,1790853,,,N,,,AU,AUTHORIZATIONS,2023-09-07 thru 2023-09-07,6211,10:00:00 PM,Y,DMX2QFNKjDqG5v2klLGfQ7,650408,100,Sale Authorize Only,Y,0.00E+00,MC,MasterCard,N,X,10,N,0.01,USD,,40642,S,0.00E+00,0.00E+00,0.00E+00,0.01,USD,N,30907.0053f,2023-09-07T04:15:47.000Z,0.00E+00,,N,463136,1.55214E+12,1.03311E+11,2023-09-07T04:15:47.000Z,7,ECI Indicator - Channel Encrypted Transaction,
546604XXXXXX2868,,,2023-09-09T01:59:59.000Z,,03702Z,,,994268,546604XX,H,,1,,,267992,662806,,US,27-Oct,FALSE,,,,9/7/2023,0,,,N,,,0,,,2023-09-08T04:00:00.000Z,13730215506,3187719,EFEFT,Effective Funds Transfer,,0.00E+00,NONE,NONE,0.00E+00,1790853,,,,,,AR,AUTHORIZATIONS,2023-09-07 thru 2023-09-07,6211,10:00:00 PM,Y,qlTNynBQqi3Vk2OElGNtL6,650408,100,Auth Reversal,Y,0.00E+00,MC,MasterCard,,,,,0.01,USD,,62423,S,0.00E+00,0.00E+00,0.00E+00,0.01,USD,,30907.0055c,2023-09-07T04:34:49.000Z,0.00E+00,,N,463136,1.55215E+12,1.03311E+11,2023-09-07T04:34:49.000Z,7,ECI Indicator - Channel Encrypted Transaction,
546604XXXXXX2868,,,2023-09-09T01:59:59.000Z,Y,03702Z,,,994268,546604XX,H,,1,,N,267992,662806,,US,27-Oct,FALSE,,N,,9/7/2023,0,,,N,,,0,,,2023-09-08T04:00:00.000Z,13730215506,3187719,EFEFT,Effective Funds Transfer,N,0.00E+00,NONE,NONE,0.00E+00,1790853,,,N,,,AU,AUTHORIZATIONS,2023-09-07 thru 2023-09-07,6211,10:00:00 PM,Y,qlTNynBQqi3Vk2OElGNtL6,650408,100,Sale Authorize Only,Y,0.00E+00,MC,MasterCard,N,X,10,N,0.01,USD,,57532,S,0.00E+00,0.00E+00,0.00E+00,0.01,USD,N,30907.0055c,2023-09-07T04:34:49.000Z,0.00E+00,,N,463136,1.55215E+12,1.03311E+11,2023-09-07T04:34:49.000Z,7,ECI Indicator - Channel Encrypted Transaction,
546604XXXXXX2868,,,2023-09-09T01:59:59.000Z,Y,03922Z,,,994268,546604XX,H,,1,,N,267992,662806,,US,27-Oct,FALSE,,N,,9/7/2023,0,,,N,,,0,,,2023-09-08T04:00:00.000Z,13730215506,3187719,EFEFT,Effective Funds Transfer,N,0.00E+00,NONE,NONE,0.00E+00,1790853,,,N,,,AU,AUTHORIZATIONS,2023-09-07 thru 2023-09-07,6211,10:00:00 PM,Y,VVBZa9Zk6UxgEPgiUnjVG4,650408,100,Sale Authorize Only,Y,0.00E+00,MC,MasterCard,N,X,10,N,0.01,USD,,11995,S,0.00E+00,0.00E+00,0.00E+00,0.01,USD,N,30907.0059f,2023-09-07T04:25:38.000Z,0.00E+00,,N,463136,1.55215E+12,1.03311E+11,2023-09-07T04:25:38.000Z,7,ECI Indicator - Channel Encrypted Transaction,
546604XXXXXX2868,,,2023-09-09T01:59:59.000Z,Y,03616Z,,,994268,546604XX,H,,1,,N,267992,662806,,US,27-Oct,FALSE,,N,,9/7/2023,0,,,N,,,0,,,2023-09-08T04:00:00.000Z,13730215506,3187719,EFEFT,Effective Funds Transfer,N,0.00E+00,NONE,NONE,0.00E+00,1790853,,,N,,,AU,AUTHORIZATIONS,2023-09-07 thru 2023-09-07,6211,10:00:00 PM,Y,at0V8hotMis28qYpbbdQx2,650408,100,Sale Authorize Only,Y,0.00E+00,MC,MasterCard,N,X,10,N,0.01,USD,,55186,S,0.00E+00,0.00E+00,0.00E+00,0.01,USD,N,30907.005Bc,2023-09-07T04:44:52.000Z,0.00E+00,,N,463136,1.55216E+12,1.03311E+11,2023-09-07T04:44:52.000Z,7,ECI Indicator - Channel Encrypted Transaction,
546604XXXXXX2868,,,2023-09-09T01:59:59.000Z,Y,09717Z,,,994268,546604XX,H,,1,,N,267992,662806,,US,27-Oct,FALSE,,N,,9/7/2023,0,,,N,,,0,,,2023-09-08T04:00:00.000Z,13730215506,3187719,EFEFT,Effective Funds Transfer,N,0.00E+00,NONE,NONE,0.00E+00,1790853,,,N,,,AU,AUTHORIZATIONS,2023-09-07 thru 2023-09-07,6211,10:00:00 PM,Y,5QQv8SCuClu6gggRbeci45,650408,100,Sale Authorize Only,Y,0.00E+00,MC,MasterCard,N,X,10,N,0.01,USD,,37736,S,0.00E+00,0.00E+00,0.00E+00,0.01,USD,N,30907.005Bf,2023-09-07T04:26:35.000Z,0.00E+00,,N,463136,1.55215E+12,1.03311E+11,2023-09-07T04:26:35.000Z,7,ECI Indicator - Channel Encrypted Transaction,
546604XXXXXX2868,,,2023-09-09T01:59:59.000Z,,09717Z,,,994268,546604XX,H,,1,,,267992,662806,,US,27-Oct,FALSE,,,,9/7/2023,0,,,N,,,0,,,2023-09-08T04:00:00.000Z,13730215506,3187719,EFEFT,Effective Funds Transfer,,0.00E+00,NONE,NONE,0.00E+00,1790853,,,,,,AR,AUTHORIZATIONS,2023-09-07 thru 2023-09-07,6211,10:00:00 PM,Y,5QQv8SCuClu6gggRbeci45,650408,100,Auth Reversal,Y,0.00E+00,MC,MasterCard,,,,,0.01,USD,,50810,S,0.00E+00,0.00E+00,0.00E+00,0.01,USD,,30907.005Bf,2023-09-07T04:26:35.000Z,0.00E+00,,N,463136,1.55215E+12,1.03311E+11,2023-09-07T04:26:35.000Z,7,ECI Indicator - Channel Encrypted Transaction,
546604XXXXXX2868,,,2023-09-09T01:59:59.000Z,,07419Z,,,994268,546604XX,H,,1,,,267992,662806,,US,27-Oct,FALSE,,,,9/7/2023,0,,,N,,,0,,,2023-09-08T04:00:00.000Z,13730215506,3187719,EFEFT,Effective Funds Transfer,,0.00E+00,NONE,NONE,0.00E+00,1790853,,,,,,AR,AUTHORIZATIONS,2023-09-07 thru 2023-09-07,6211,10:00:00 PM,Y,aRo4TnVRmlYKm0Db3PvtF5,650408,100,Auth Reversal,Y,0.00E+00,MC,MasterCard,,,,,0.01,USD,,56225,S,0.00E+00,0.00E+00,0.00E+00,0.01,USD,,30907.005Ff,2023-09-07T04:35:42.000Z,0.00E+00,,N,463136,1.55215E+12,1.03311E+11,2023-09-07T04:35:42.000Z,7,ECI Indicator - Channel Encrypted Transaction,
546604XXXXXX2868,,,2023-09-09T01:59:59.000Z,Y,07419Z,,,994268,546604XX,H,,1,,N,267992,662806,,US,27-Oct,FALSE,,N,,9/7/2023,0,,,N,,,0,,,2023-09-08T04:00:00.000Z,13730215506,3187719,EFEFT,Effective Funds Transfer,N,0.00E+00,NONE,NONE,0.00E+00,1790853,,,N,,,AU,AUTHORIZATIONS,2023-09-07 thru 2023-09-07,6211,10:00:00 PM,Y,aRo4TnVRmlYKm0Db3PvtF5,650408,100,Sale Authorize Only,Y,0.00E+00,MC,MasterCard,N,X,10,N,0.01,USD,,18469,S,0.00E+00,0.00E+00,0.00E+00,0.01,USD,N,30907.0060f,2023-09-07T04:36:36.000Z,0.00E+00,,N,463136,1.55215E+12,1.03311E+11,2023-09-07T04:36:36.000Z,7,ECI Indicator - Channel Encrypted Transaction,
546604XXXXXX2868,,,2023-09-09T01:59:59.000Z,Y,03949Z,,,994268,546604XX,H,,1,,N,267992,662806,,US,27-Oct,FALSE,,N,,9/7/2023,0,,,N,,,0,,,2023-09-08T04:00:00.000Z,13730215506,3187719,EFEFT,Effective Funds Transfer,N,0.00E+00,NONE,NONE,0.00E+00,1790853,,,N,,,AU,AUTHORIZATIONS,2023-09-07 thru 2023-09-07,6211,10:00:00 PM,Y,nFls3pDU7Owh0k1XkPU834,650408,100,Sale Authorize Only,Y,0.00E+00,MC,MasterCard,N,X,10,N,0.01,USD,,54102,S,0.00E+00,0.00E+00,0.00E+00,0.01,USD,N,30907.0061c,2023-09-07T04:54:56.000Z,0.00E+00,,N,463136,1.55216E+12,1.03311E+11,2023-09-07T04:54:56.000Z,7,ECI Indicator - Channel Encrypted Transaction,
546604XXXXXX2868,,,2023-09-09T01:59:59.000Z,Y,07408Z,,,994268,546604XX,H,,1,,N,267992,662806,,US,27-Oct,FALSE,,N,,9/7/2023,0,,,N,,,0,,,2023-09-08T04:00:00.000Z,13730215506,3187719,EFEFT,Effective Funds Transfer,N,0.00E+00,NONE,NONE,0.00E+00,1790853,,,N,,,AU,AUTHORIZATIONS,2023-09-07 thru 2023-09-07,6211,10:00:00 PM,Y,GKJJ48rnjYMCfXATvIrvg6,650408,100,Sale Authorize Only,Y,0.00E+00,MC,MasterCard,N,X,10,N,0.01,USD,,39743,S,0.00E+00,0.00E+00,0.00E+00,0.01,USD,N,30907.0065f,2023-09-07T04:45:55.000Z,0.00E+00,,N,463136,1.55216E+12,1.03311E+11,2023-09-07T04:45:55.000Z,7,ECI Indicator - Channel Encrypted Transaction,
546604XXXXXX2868,,,2023-09-09T01:59:59.000Z,,03616Z,,,994268,546604XX,H,,1,,,267992,662806,,US,27-Oct,FALSE,,,,9/7/2023,0,,,N,,,0,,,2023-09-08T04:00:00.000Z,13730215506,3187719,EFEFT,Effective Funds Transfer,,0.00E+00,NONE,NONE,0.00E+00,1790853,,,,,,AR,AUTHORIZATIONS,2023-09-07 thru 2023-09-07,6211,10:00:00 PM,Y,at0V8hotMis28qYpbbdQx2,650408,100,Auth Reversal,Y,0.00E+00,MC,MasterCard,,,,,0.01,USD,,17034,S,0.00E+00,0.00E+00,0.00E+00,0.01,USD,,30907.0065f,2023-09-07T04:45:55.000Z,0.00E+00,,N,463136,1.55216E+12,1.03311E+11,2023-09-07T04:45:55.000Z,7,ECI Indicator - Channel Encrypted Transaction,
546604XXXXXX2868,,,2023-09-09T01:59:59.000Z,,07408Z,,,994268,546604XX,H,,1,,,267992,662806,,US,27-Oct,FALSE,,,,9/7/2023,0,,,N,,,0,,,2023-09-08T04:00:00.000Z,13730215506,3187719,EFEFT,Effective Funds Transfer,,0.00E+00,NONE,NONE,0.00E+00,1790853,,,,,,AR,AUTHORIZATIONS,2023-09-07 thru 2023-09-07,6211,10:00:00 PM,Y,GKJJ48rnjYMCfXATvIrvg6,650408,100,Auth Reversal,Y,0.00E+00,MC,MasterCard,,,,,0.01,USD,,30627,S,0.00E+00,0.00E+00,0.00E+00,0.01,USD,,30907.0066f,2023-09-07T04:46:50.000Z,0.00E+00,,N,463136,1.55216E+12,1.03311E+11,2023-09-07T04:46:50.000Z,7,ECI Indicator - Channel Encrypted Transaction,
546604XXXXXX2868,,,2023-09-09T01:59:59.000Z,Y,07384Z,,,994268,546604XX,H,,1,,N,267992,662806,,US,27-Oct,FALSE,,N,,9/7/2023,0,,,N,,,0,,,2023-09-08T04:00:00.000Z,13730215506,3187719,EFEFT,Effective Funds Transfer,N,0.00E+00,NONE,NONE,0.00E+00,1790853,,,N,,,AU,AUTHORIZATIONS,2023-09-07 thru 2023-09-07,6211,10:00:00 PM,Y,tz75j2TBu7eDdZUSAl5GU1,650408,100,Sale Authorize Only,Y,0.00E+00,MC,MasterCard,N,X,10,N,0.01,USD,,61595,S,0.00E+00,0.00E+00,0.00E+00,0.01,USD,N,30907.0067c,2023-09-07T05:04:59.000Z,0.00E+00,,N,463136,1.55216E+12,1.03311E+11,2023-09-07T05:04:59.000Z,7,ECI Indicator - Channel Encrypted Transaction,
546604XXXXXX2868,,,2023-09-09T01:59:59.000Z,,03781Z,,,994268,546604XX,H,,1,,,267992,662806,,US,27-Oct,FALSE,,,,9/7/2023,0,,,N,,,0,,,2023-09-08T04:00:00.000Z,13730215506,3187719,EFEFT,Effective Funds Transfer,,0.00E+00,NONE,NONE,0.00E+00,1790853,,,,,,AR,AUTHORIZATIONS,2023-09-07 thru 2023-09-07,6211,10:00:00 PM,Y,26ToK0OAFwOL4vlRbC0Oo1,650408,100,Auth Reversal,Y,0.00E+00,MC,MasterCard,,,,,0.01,USD,,54504,S,0.00E+00,0.00E+00,0.00E+00,0.01,USD,,30907.0067c,2023-09-07T05:04:59.000Z,0.00E+00,,N,463136,1.55216E+12,1.03311E+11,2023-09-07T05:04:59.000Z,7,ECI Indicator - Channel Encrypted Transaction,
ProcessingEntityId=103310853753,Frequency=adhoc,,,,,,,,,,,,,,,,,,,,,,,,,,,,,,,,,,,,,,,,,,,,,,,,,,,,,,,,,,,,,,,,,,,,,,,,,,,,,,,,,,,,,,,,,
