EntityIdentifier=992184712844,EntityName=Netflix Peru,Frequency=adhoc,,,,,,,,,,,,,,,,,
EntityIdentifier=992184712844,EntityName=Netflix Peru,ReportTypeName=TokenProvisioningandLifecycleReport,Frequency=adhoc,FromDate=2025-07-01,ToDate=2025-07-31,GenerationDate=2025-09-22,GenerationTime=14:07:24,,,,,,,,,,,,
Token Provisioning & Cryptogram Details,,,,,,,,,,,,,,,,,,,
Create Timestamp,Create User Identifier,Legacy Business Unit Identifier,Legacy Company Identifier,Legacy Transaction Division Identifier,Payment Account Reference Number,Payment Method Code,Service Code,Token Category Name,Token Reference Identifier,Token Request Identifier,Transaction Processing Entity Identifier,Transaction Processing Entity Name,Unified Payment Gateway Token Management Operation Name,Unified Payment Gateway Token Management Response Code,Unified Payment Gateway Token Management Response Error Message Text,Unified Payment Gateway Token Management Response Log Identifier,Unified Payment Gateway Token Management Response Short Error Message Text,Unified Payment Gateway Token Management Response Timestamp,Unified Payment Gateway Token Status Text
2025-08-11 09:04:11.421 Z,V706078,1289824,424017,425262,5001A9QX1GI7XVB5MISU60WPV0098,MC,LC276,Network,829da1e0-d918-3124-8297-050eb43dc08d,f8f283b8-3cc9-433a-a01c-18d752b08fae,9.92185E+11,Netflix Peru,InternalTokenProvision,SUCCESS,The request is well received.,5c1db8e2-caca-4c15-818c-c1433dc1d1db,APPROVED,2025-07-09 17:44:11.278 Z,
2025-08-11 09:04:11.421 Z,V706078,1289824,424017,425262,5001A9QX1GI7XVB5MISU60WPV0098,MC,LC276,Network,829da1e0-d918-3124-8297-050eb43dc08d,055b8630-981d-4b84-b09d-4e43808e80c8,9.92185E+11,Netflix Peru,InternalTokenProvision,SUCCESS,The request is well received.,35f28bda-41d6-4a03-8502-63eea1476b7b,APPROVED,2025-07-09 17:43:59.076 Z,
2025-08-11 09:04:11.421 Z,V706078,1289824,424017,425262,5001A9QX1GI7XVB5MISU60WPV0098,MC,LC276,Network,829da1e0-d918-3124-8297-050eb43dc08d,23a5365f-dddb-44c0-8b0a-0d3114c10d73,9.92185E+11,Netflix Peru,InternalTokenProvision,SUCCESS,The request is well received.,53dc798a-a16f-4b85-8727-5f02c4ad9e95,APPROVED,2025-07-09 17:44:24.328 Z,
2025-08-11 09:04:11.421 Z,V706078,1289824,424017,425262,5001A9QX1GI7XVB5MISU60WPV0098,MC,LC276,Network,829da1e0-d918-3124-8297-050eb43dc08d,49da8f64-a45c-46e7-aa23-17b85bc1d01a,9.92185E+11,Netflix Peru,InternalTokenProvision,SUCCESS,The request is well received.,10befcb5-c0fe-4d77-96eb-c3e46584e850,APPROVED,2025-07-09 17:44:17.894 Z,
2025-08-11 09:04:11.421 Z,V706078,1289824,424017,425262,4001A9QX1GI7XVB5MISU60WPV0106,VI,LC276,Network,6b8218d8ae4ef52d92aeab17979fe760,431d6714-ab89-4ef3-849e-288de6dd0b0b,9.92185E+11,Netflix Peru,InternalTokenProvision,SUCCESS,The request is well received.,71d519c4-1731-4c79-af82-e8721812fa26,APPROVED,2025-07-09 17:44:20.161 Z,
2025-08-11 09:04:11.421 Z,V706078,1289824,424017,425262,5001A9QX1GI7XVB5MISU60WPV0098,MC,LC276,Network,829da1e0-d918-3124-8297-050eb43dc08d,e6c38b05-dab8-4942-a24b-ed1de8848350,9.92185E+11,Netflix Peru,InternalTokenProvision,SUCCESS,The request is well received.,ca88e982-617c-4b83-9e9e-278e5d11ac1d,APPROVED,2025-07-09 17:43:49.606 Z,
2025-08-11 09:04:11.421 Z,V706078,1289824,424017,425262,5001A9QX1GI7XVB5MISU60WPV0098,MC,LC276,Network,829da1e0-d918-3124-8297-050eb43dc08d,a67717f9-258a-473d-94f5-ba21ef56b057,9.92185E+11,Netflix Peru,InternalTokenProvision,SUCCESS,The request is well received.,b857f134-00fc-4ba6-91bb-d3452f2bd600,APPROVED,2025-07-09 17:44:29.284 Z,
2025-08-11 09:04:11.421 Z,V706078,1289824,424017,425262,4001A9QX1GI7XVB5MISU60WPV0106,VI,LC276,Network,6b8218d8ae4ef52d92aeab17979fe760,4cdc3719-4ee5-4609-bc94-11793fec703f,9.92185E+11,Netflix Peru,InternalTokenProvision,SUCCESS,The request is well received.,bfaeb418-5dc8-46b5-b56c-526ed7af7ed8,APPROVED,2025-07-09 17:44:04.356 Z,
2025-08-11 09:04:11.421 Z,V706078,1289824,424017,425262,4001A9QX1GI7XVB5MISU60WPV0106,VI,LC276,Network,6b8218d8ae4ef52d92aeab17979fe760,006ae069-54da-4a8f-96cc-8b6e2e7a3866,9.92185E+11,Netflix Peru,InternalTokenProvision,SUCCESS,The request is well received.,0a2dab3f-e1e8-41ce-8835-9ac91f334337,APPROVED,2025-07-09 17:43:57.862 Z,
2025-08-11 09:04:11.421 Z,V706078,1289824,424017,425262,5001A9QX1GI7XVB5MISU60WPV0098,MC,LC276,Network,829da1e0-d918-3124-8297-050eb43dc08d,8e38294c-f0b8-483d-be34-b1cc740c65e2,9.92185E+11,Netflix Peru,InternalTokenProvision,SUCCESS,The request is well received.,958d6ed1-6569-4236-9307-71ce596200f7,APPROVED,2025-07-09 17:44:22.017 Z,
2025-08-11 09:04:11.421 Z,V706078,1289824,424017,425262,5001A9QX1GI7XVB5MISU60WPV0098,MC,LC276,Network,829da1e0-d918-3124-8297-050eb43dc08d,4ad4b6d7-0c70-43a3-af1e-60df511c49bb,9.92185E+11,Netflix Peru,InternalTokenProvision,SUCCESS,The request is well received.,b0572a70-535f-4fe5-a41c-8e9260440018,APPROVED,2025-07-09 17:43:51.952 Z,
2025-08-11 09:06:54.105 Z,V706078,1289824,424017,425262,,,LC278,Lifecycle,b2b92b5b-403d-4bd8-a756-6e415b86b291,2637cbca-c5c4-4179-b8bc-56a599d0fb6c,9.92185E+11,Netflix Peru,TokenStateChange,,,45391715-2403-453d-a05f-d8fad1cd40b0,,2025-07-11 08:35:58.001 Z,
2025-08-11 09:06:54.105 Z,V706078,1289824,424017,425262,,,LC278,Lifecycle,b2b92b5b-403d-4bd8-a756-6e415b86b291,280cc8a3-97d8-49df-a053-f8e5ff5bb37f,9.92185E+11,Netflix Peru,TokenStateChange,,,80226b37-1ba4-4960-9bbe-00691865324f,,2025-07-13 11:07:47.001 Z,
2025-08-11 09:06:54.105 Z,V706078,1289824,424017,425262,,,LC278,Lifecycle,b2b92b5b-403d-4bd8-a756-6e415b86b291,c77d0c87-32c7-4552-95e0-fd1cc753f073,9.92185E+11,Netflix Peru,TokenStateChange,,,ff07212c-8296-488a-9bad-7f3e1bbfe665,,2025-07-01 11:09:48.001 Z,
2025-08-11 09:06:54.105 Z,V706078,1289824,424017,425262,,,LC278,Lifecycle,b2b92b5b-403d-4bd8-a756-6e415b86b291,91cca00d-acee-42d4-8631-a330f775fcf3,9.92185E+11,Netflix Peru,TokenStateChange,,,3e152aed-51d5-4275-8ba8-11d2d68e2c63,,2025-07-09 11:06:56.001 Z,
2025-08-11 09:06:54.105 Z,V706078,1289824,424017,425262,,,LC278,Lifecycle,b2b92b5b-403d-4bd8-a756-6e415b86b291,707b0604-8331-4903-9c0c-707e37a719e6,9.92185E+11,Netflix Peru,TokenStateChange,,,39cc236f-6acd-4afb-86c0-8ef06e50f374,,2025-07-10 02:20:14.001 Z,
2025-08-11 09:06:54.105 Z,V706078,1289824,424017,425262,,,LC278,Lifecycle,b2b92b5b-403d-4bd8-a756-6e415b86b291,20481212-9dd4-4054-9b11-30d36e51d11b,9.92185E+11,Netflix Peru,TokenStateChange,,,29bd49ae-8d59-4de2-bbe6-4234399c88e9,,2025-07-20 11:08:19.001 Z,
2025-08-11 09:06:54.105 Z,V706078,1289824,424017,425262,,,LC278,Lifecycle,b2b92b5b-403d-4bd8-a756-6e415b86b291,e5888525-eae9-484a-a686-7c7140aa0a02,9.92185E+11,Netflix Peru,TokenStateChange,,,d3366d5f-43fd-4305-9177-74c78faca985,,2025-07-21 11:06:57.001 Z,
2025-08-11 09:06:54.105 Z,V706078,1289824,424017,425262,,,LC278,Lifecycle,b2b92b5b-403d-4bd8-a756-6e415b86b291,08bf9c35-a038-470b-b361-ce5a0683e67e,9.92185E+11,Netflix Peru,TokenStateChange,,,bb35d1bb-976d-4dbd-95c4-d21fa4ab2530,,2025-07-01 07:28:46.001 Z,
2025-08-11 09:06:54.105 Z,V706078,1289824,424017,425262,,,LC278,Lifecycle,12bdf922a07df26e7b570a6c97bcfad7,35f8d803-b5e4-40b8-a15e-156663a8f982,9.92185E+11,Netflix Peru,TokenStateChange,,,6b673944-7518-4e62-b8e7-063862cea35b,,2025-07-21 13:30:59.977 Z,SUSPENDED
2025-08-11 09:06:54.105 Z,V706078,1289824,424017,425262,,,LC278,Lifecycle,c036c0c4d609e3f3c446cd9fcc624765,36029a13-3bf1-4a34-baa4-f132477bee1e,9.92185E+11,Netflix Peru,TokenStateChange,,,b3db6f43-fd3e-475e-8b9c-8ce9717d63b2,,2025-07-15 13:50:14.832 Z,
2025-08-11 09:06:54.105 Z,V706078,1289824,424017,425262,,,LC278,Lifecycle,b2b92b5b-403d-4bd8-a756-6e415b86b291,3244c41f-0f6b-47eb-ae54-74ad83f2e669,9.92185E+11,Netflix Peru,TokenStateChange,,,c3610e88-0bb8-4480-9192-502947606fb0,,2025-07-01 13:22:29.001 Z,
2025-08-11 09:06:54.105 Z,V706078,1289824,424017,425262,,,LC278,Lifecycle,b2b92b5b-403d-4bd8-a756-6e415b86b291,c62dadbe-ae42-4781-9fba-cfc0ab21ee67,9.92185E+11,Netflix Peru,TokenStateChange,,,1eebbbe7-8fc3-4cd1-ae4a-632948adbdce,,2025-07-17 13:53:26.001 Z,
2025-08-11 09:06:54.105 Z,V706078,1289824,424017,425262,,,LC278,Lifecycle,b2b92b5b-403d-4bd8-a756-6e415b86b291,10827e53-24eb-4164-ba43-6bec7cd3ac99,9.92185E+11,Netflix Peru,TokenStateChange,,,85676915-e0c5-4333-af5d-eac4ea3a2db8,,2025-07-29 11:06:58.001 Z,ACTIVE
2025-08-11 09:06:54.105 Z,V706078,1289824,424017,425262,,,LC278,Lifecycle,b2b92b5b-403d-4bd8-a756-6e415b86b291,583853dc-bc1b-4fb6-9e35-471b462c22be,9.92185E+11,Netflix Peru,TokenStateChange,,,562206da-d7db-4904-8f65-0777281c6ec0,,2025-07-31 11:07:20.001 Z,ACTIVE
2025-08-11 09:06:54.105 Z,V706078,1289824,424017,425262,,,LC278,Lifecycle,b2b92b5b-403d-4bd8-a756-6e415b86b291,36f9d55c-0a62-4d59-a810-fab6baa78398,9.92185E+11,Netflix Peru,TokenStateChange,,,41bcc1fa-95f1-48ce-a376-2b95d76cffa3,,2025-07-15 11:07:50.001 Z,
2025-08-11 09:06:54.105 Z,V706078,1289824,424017,425262,,,LC278,Lifecycle,b2b92b5b-403d-4bd8-a756-6e415b86b291,5316b394-fdab-40e3-8d35-eb78c825578f,9.92185E+11,Netflix Peru,TokenStateChange,,,8bb966fa-bf33-45ef-91b0-0e83a4db9e45,,2025-07-14 11:07:32.001 Z,
2025-08-11 09:06:54.105 Z,V706078,1289824,424017,425262,,,LC278,Lifecycle,b2b92b5b-403d-4bd8-a756-6e415b86b291,c3c4bdec-b23e-4e93-9324-77950c605875,9.92185E+11,Netflix Peru,TokenStateChange,,,8df9a2cd-5c2f-449e-b91f-f34b6ead16ab,,2025-07-17 13:35:44.001 Z,
2025-08-11 09:06:54.105 Z,V706078,1289824,424017,425262,,,LC278,Lifecycle,5877aa16-5b37-40fb-9bff-e27a695a4af4,5d97b91e-68a0-46e5-a00f-9493758ed0e1,9.92185E+11,Netflix Peru,TokenStateChange,,,3f9bf923-a3a9-489e-bb44-b2103f7ac2c3,,2025-07-18 12:37:36.513 Z,
2025-08-11 09:06:54.105 Z,V706078,1289824,424017,425262,,,LC278,Lifecycle,b2b92b5b-403d-4bd8-a756-6e415b86b291,04e79fb6-2a5f-4bb0-823a-6e469da81fc9,9.92185E+11,Netflix Peru,TokenStateChange,,,fe6d859c-ec33-43a1-bd7b-b8622f809e6c,,2025-07-11 09:55:42.001 Z,
2025-08-11 09:06:54.105 Z,V706078,1289824,424017,425262,,,LC278,Lifecycle,b2b92b5b-403d-4bd8-a756-6e415b86b291,c551a9f6-0e47-4f70-b8cd-f07f0c527404,9.92185E+11,Netflix Peru,TokenStateChange,,,a0113fd9-83e1-41c8-88ed-be6ab218855e,,2025-07-16 11:06:56.001 Z,
2025-08-11 09:06:54.105 Z,V706078,1289824,424017,425262,,,LC278,Lifecycle,b2b92b5b-403d-4bd8-a756-6e415b86b291,0aa9627d-7bb1-416f-b5dd-64da3ef9d14d,9.92185E+11,Netflix Peru,TokenStateChange,,,a092cef3-2f2b-431c-98e1-be98a846e007,,2025-07-08 19:06:52.001 Z,
2025-08-11 09:06:54.105 Z,V706078,1289824,424017,425262,,,LC278,Lifecycle,b2b92b5b-403d-4bd8-a756-6e415b86b291,bd3d2f07-6556-497b-96e7-97844e6a35b6,9.92185E+11,Netflix Peru,TokenStateChange,,,4117ce81-0b5f-492e-b5db-32d007834892,,2025-07-09 03:48:06.001 Z,
2025-08-11 09:06:54.105 Z,V706078,1289824,424017,425262,,,LC278,Lifecycle,b2b92b5b-403d-4bd8-a756-6e415b86b291,52e71fe4-0d28-4d54-b3ff-b747c3ea223e,9.92185E+11,Netflix Peru,TokenStateChange,,,81b48568-f476-4ae3-b943-93597d8fe270,,2025-07-01 12:27:04.001 Z,
2025-08-11 09:06:54.105 Z,V706078,1289824,424017,425262,,,LC278,Lifecycle,b2b92b5b-403d-4bd8-a756-6e415b86b291,ffb82df8-04bd-44a3-9bfb-318b2d13deb6,9.92185E+11,Netflix Peru,TokenStateChange,,,a5810d19-6138-403a-a776-0b4a023e40a1,,2025-07-01 13:27:22.001 Z,
2025-08-11 09:06:54.105 Z,V706078,1289824,424017,425262,,,LC278,Lifecycle,b2b92b5b-403d-4bd8-a756-6e415b86b291,1cd8ea46-097b-4a34-846d-98168cdfd8a7,9.92185E+11,Netflix Peru,TokenStateChange,,,3ba47fa9-c9f2-402e-ab4c-43b634df0acd,,2025-07-27 11:06:50.001 Z,ACTIVE
2025-08-11 09:06:54.105 Z,V706078,1289824,424017,425262,,,LC278,Lifecycle,b2b92b5b-403d-4bd8-a756-6e415b86b291,ac8f9204-39a8-47ba-8710-bdba6f65e397,9.92185E+11,Netflix Peru,TokenStateChange,,,73ff4a30-169e-4775-8d6a-b1366aaea0be,,2025-07-11 11:06:48.001 Z,
2025-08-11 09:06:54.105 Z,V706078,1289824,424017,425262,,,LC278,Lifecycle,b2b92b5b-403d-4bd8-a756-6e415b86b291,93bec79c-1823-493e-ab77-b59579dd9c7e,9.92185E+11,Netflix Peru,TokenStateChange,,,6adf22b5-83f3-469b-a110-65c72c339bd4,,2025-07-29 04:25:56.001 Z,ACTIVE
2025-08-11 09:04:11.421 Z,V706078,1289824,424017,425262,4001A9QX1GI7XVB5MISU60WPV0106,VI,LC276,Network,6b8218d8ae4ef52d92aeab17979fe760,162a4b5a-9823-4c73-b355-cf7652577b81,9.92185E+11,Netflix Peru,InternalTokenProvision,SUCCESS,The request is well received.,901ee4be-6c25-4009-8289-cea19fddec66,APPROVED,2025-07-09 17:44:14.931 Z,
2025-08-11 09:04:11.421 Z,V706078,1289824,424017,425262,4001A9QX1GI7XVB5MISU60WPV0106,VI,LC276,Network,6b8218d8ae4ef52d92aeab17979fe760,6bbbb4d6-590e-49a4-91d3-76dc78ff46d1,9.92185E+11,Netflix Peru,InternalTokenProvision,SUCCESS,The request is well received.,0b8c319f-105d-4f7f-80d2-4731f5ac3138,APPROVED,2025-07-09 17:44:04.959 Z,
2025-08-11 09:04:11.421 Z,V706078,1289824,424017,425262,5001A9QX1GI7XVB5MISU60WPV0098,MC,LC276,Network,829da1e0-d918-3124-8297-050eb43dc08d,64383002-064e-472f-80a4-7c177ace0090,9.92185E+11,Netflix Peru,InternalTokenProvision,SUCCESS,The request is well received.,ec6d27c6-e453-4794-b5c2-ed7f09af9548,APPROVED,2025-07-09 17:44:17.012 Z,
2025-08-11 09:04:11.421 Z,V706078,1289824,424017,425262,5001A9QX1GI7XVB5MISU60WPV0098,MC,LC276,Network,829da1e0-d918-3124-8297-050eb43dc08d,f27fd0f4-84c2-4ca0-ae8e-397ec1109f84,9.92185E+11,Netflix Peru,InternalTokenProvision,SUCCESS,The request is well received.,eca35ac2-28a8-4e51-8f1c-7a005c15199a,APPROVED,2025-07-09 17:43:51.321 Z,
2025-08-11 09:04:11.421 Z,V706078,1289824,424017,425262,4001A9QX1GI7XVB5MISU60WPV0106,VI,LC276,Network,6b8218d8ae4ef52d92aeab17979fe760,d4f2001a-e94b-4fb5-ba7e-d5d4f9500027,9.92185E+11,Netflix Peru,InternalTokenProvision,SUCCESS,The request is well received.,1c50076b-4ad7-4980-b819-102c992a8c22,APPROVED,2025-07-09 17:44:06.405 Z,
2025-08-11 09:04:11.421 Z,V706078,1289824,424017,425262,4001A9QX1GI7XVB5MISU60WPV0106,VI,LC276,Network,6b8218d8ae4ef52d92aeab17979fe760,9dae2140-eb93-4112-8427-5182ce9e1fde,9.92185E+11,Netflix Peru,InternalTokenProvision,SUCCESS,The request is well received.,451bbdc2-dff1-4032-9724-a0656e1a12da,APPROVED,2025-07-09 17:44:16.427 Z,
2025-08-11 09:04:11.421 Z,V706078,1289824,424017,425262,4001A9QX1GI7XVB5MISU60WPV0106,VI,LC276,Network,6b8218d8ae4ef52d92aeab17979fe760,37582a99-ded0-4502-a96a-ff83babd931a,9.92185E+11,Netflix Peru,InternalTokenProvision,SUCCESS,The request is well received.,1e3bef78-8d4f-4dd7-9b4c-1bb466e2cebb,APPROVED,2025-07-09 17:44:01.587 Z,
2025-08-11 09:04:11.421 Z,V706078,1289824,424017,425262,5001A9QX1GI7XVB5MISU60WPV0098,MC,LC276,Network,829da1e0-d918-3124-8297-050eb43dc08d,24b6d1c7-a91e-4125-a962-c72f009c3388,9.92185E+11,Netflix Peru,InternalTokenProvision,SUCCESS,The request is well received.,5677330e-7227-489e-a26d-80229cd67d1e,APPROVED,2025-07-09 17:43:53.617 Z,
2025-08-11 09:04:11.421 Z,V706078,1289824,424017,425262,5001A9QX1GI7XVB5MISU60WPV0098,MC,LC276,Network,829da1e0-d918-3124-8297-050eb43dc08d,89c0aed6-1903-49c5-ac15-4f3d59808638,9.92185E+11,Netflix Peru,InternalTokenProvision,SUCCESS,The request is well received.,66550842-5071-4985-8293-3442f9f71d7d,APPROVED,2025-07-09 17:44:08.042 Z,
2025-08-11 09:04:11.421 Z,V706078,1289824,424017,425262,5001A9QX1GI7XVB5MISU60WPV0098,MC,LC276,Network,829da1e0-d918-3124-8297-050eb43dc08d,f9d20d5a-b61b-4fe9-a25a-a3a57ff8b751,9.92185E+11,Netflix Peru,InternalTokenProvision,SUCCESS,The request is well received.,33ad5f6c-a538-4001-aa98-037b698bd093,APPROVED,2025-07-09 17:44:16.293 Z,
2025-08-11 09:04:11.421 Z,V706078,1289824,424017,425262,5001A9QX1GI7XVB5MISU60WPV0098,MC,LC276,Network,829da1e0-d918-3124-8297-050eb43dc08d,aedf273f-b001-4bff-9277-05f2bbbf6e29,9.92185E+11,Netflix Peru,InternalTokenProvision,SUCCESS,The request is well received.,83e7db9e-d3e4-4bdd-810c-d2d020c8b468,APPROVED,2025-07-09 17:44:20.751 Z,
2025-08-11 09:04:11.421 Z,V706078,1289824,424017,425262,4001A9QX1GI7XVB5MISU60WPV0106,VI,LC276,Network,6b8218d8ae4ef52d92aeab17979fe760,08f8d4ea-439f-4fb5-ae39-cc14f0aae013,9.92185E+11,Netflix Peru,InternalTokenProvision,SUCCESS,The request is well received.,6beaf3ce-4f94-4031-88a3-761e1003463b,APPROVED,2025-07-09 17:44:04.291 Z,
2025-08-11 09:04:11.421 Z,V706078,1289824,424017,425262,4001A9QX1GI7XVB5MISU60WPV0106,VI,LC276,Network,6b8218d8ae4ef52d92aeab17979fe760,e0e33efd-487d-485a-a5f1-41708950e22d,9.92185E+11,Netflix Peru,InternalTokenProvision,SUCCESS,The request is well received.,c3bee8d7-76f7-4a4f-8fcb-a068edbc452a,APPROVED,2025-07-09 17:44:01.022 Z,
2025-08-11 09:04:11.421 Z,V706078,1289824,424017,425262,4001A9QX1GI7XVB5MISU60WPV0106,VI,LC276,Network,6b8218d8ae4ef52d92aeab17979fe760,7cd0b899-219a-4dc9-b1ae-bb6d0bdfcbac,9.92185E+11,Netflix Peru,InternalTokenProvision,SUCCESS,The request is well received.,9ea1fc06-3fde-43f3-b188-d312f0d93504,APPROVED,2025-07-09 17:44:01.788 Z,
2025-08-11 09:04:11.421 Z,V706078,1289824,424017,425262,4001A9QX1GI7XVB5MISU60WPV0106,VI,LC276,Network,6b8218d8ae4ef52d92aeab17979fe760,88418e3f-7103-446a-bbab-3b71559d6ecd,9.92185E+11,Netflix Peru,InternalTokenProvision,SUCCESS,The request is well received.,6c8acd20-498f-458f-a691-4ce78e51f5f4,APPROVED,2025-07-09 17:44:23.699 Z,
2025-08-11 09:04:11.421 Z,V706078,1289824,424017,425262,4001A9QX1GI7XVB5MISU60WPV0106,VI,LC276,Network,6b8218d8ae4ef52d92aeab17979fe760,2b5b99e9-d641-4316-8dfa-286d8ef53e87,9.92185E+11,Netflix Peru,InternalTokenProvision,SUCCESS,The request is well received.,61cfaeed-6bd8-42e9-a6db-2a020af554c9,APPROVED,2025-07-09 17:44:07.115 Z,
2025-08-11 09:04:11.421 Z,V706078,1289824,424017,425262,4001A9QX1GI7XVB5MISU60WPV0106,VI,LC276,Network,6b8218d8ae4ef52d92aeab17979fe760,74c704a6-12d6-449a-b92e-fe018dc23f7a,9.92185E+11,Netflix Peru,InternalTokenProvision,SUCCESS,The request is well received.,2c8e841a-5487-4139-96cc-7db417d355fc,APPROVED,2025-07-09 17:44:07.856 Z,
2025-08-11 09:04:11.421 Z,V706078,1289824,424017,425262,5001A9QX1GI7XVB5MISU60WPV0098,MC,LC276,Network,829da1e0-d918-3124-8297-050eb43dc08d,40eb411c-5152-4429-913b-9b326cb43318,9.92185E+11,Netflix Peru,InternalTokenProvision,SUCCESS,The request is well received.,20260a45-4d12-488d-91c5-159d2b3f8895,APPROVED,2025-07-09 17:43:53.654 Z,
2025-08-11 09:04:11.421 Z,V706078,1289824,424017,425262,5001A9QX1GI7XVB5MISU60WPV0098,MC,LC276,Network,829da1e0-d918-3124-8297-050eb43dc08d,7ca5287a-826f-4a3f-89f3-a213cabc3be9,9.92185E+11,Netflix Peru,InternalTokenProvision,SUCCESS,The request is well received.,079c6b3c-d692-412b-baa0-ce2c5a152c79,APPROVED,2025-07-09 17:44:21.911 Z,
2025-08-11 09:04:11.421 Z,V706078,1289824,424017,425262,5001A9QX1GI7XVB5MISU60WPV0098,MC,LC276,Network,829da1e0-d918-3124-8297-050eb43dc08d,cb3edf50-51b7-4946-9c02-e6ff5a9b52bb,9.92185E+11,Netflix Peru,InternalTokenProvision,SUCCESS,The request is well received.,e0de62bf-1d45-4b35-bffc-7482d178243d,APPROVED,2025-07-09 17:44:11.012 Z,
2025-08-11 09:04:11.421 Z,V706078,1289824,424017,425262,4001A9QX1GI7XVB5MISU60WPV0106,VI,LC276,Network,6b8218d8ae4ef52d92aeab17979fe760,92107073-5af1-467d-8c71-1ac9d890f96d,9.92185E+11,Netflix Peru,InternalTokenProvision,SUCCESS,The request is well received.,5baeb4fd-738b-4f30-9cc6-1602bf4b9290,APPROVED,2025-07-09 17:44:06.076 Z,
2025-08-11 09:04:11.421 Z,V706078,1289824,424017,425262,4001A9QX1GI7XVB5MISU60WPV0106,VI,LC276,Network,6b8218d8ae4ef52d92aeab17979fe760,5581db69-6720-4d2f-a178-90daeef62a9f,9.92185E+11,Netflix Peru,InternalTokenProvision,SUCCESS,The request is well received.,417088de-21ab-49e5-ab41-680b8e4b8560,APPROVED,2025-07-09 17:43:56.644 Z,
2025-08-11 09:04:11.421 Z,V706078,1289824,424017,425262,5001A9QX1GI7XVB5MISU60WPV0098,MC,LC276,Network,829da1e0-d918-3124-8297-050eb43dc08d,a0d46d50-332b-4bf3-8908-ef5b76f9b153,9.92185E+11,Netflix Peru,InternalTokenProvision,SUCCESS,The request is well received.,a4f7dced-e84a-4e88-a728-503221523a39,APPROVED,2025-07-09 17:43:50.414 Z,
2025-08-11 09:04:11.421 Z,V706078,1289824,424017,425262,4001A9QX1GI7XVB5MISU60WPV0106,VI,LC276,Network,6b8218d8ae4ef52d92aeab17979fe760,f99474e0-e135-4530-b028-81c4aeadf5f4,9.92185E+11,Netflix Peru,InternalTokenProvision,SUCCESS,The request is well received.,4c52b61d-d2fb-4846-a291-f74f9b404cbf,APPROVED,2025-07-09 17:44:10.135 Z,
2025-08-11 09:04:11.421 Z,V706078,1289824,424017,425262,4001A9QX1GI7XVB5MISU60WPV0106,VI,LC276,Network,6b8218d8ae4ef52d92aeab17979fe760,f6361975-59c7-407b-a174-4922170bacbd,9.92185E+11,Netflix Peru,InternalTokenProvision,SUCCESS,The request is well received.,06b07d0e-e370-42db-9b83-79f0574860e7,APPROVED,2025-07-09 17:43:55.689 Z,
2025-08-11 09:04:11.421 Z,V706078,1289824,424017,425262,4001A9QX1GI7XVB5MISU60WPV0106,VI,LC276,Network,6b8218d8ae4ef52d92aeab17979fe760,ea955e56-370f-4eb3-b47e-597aa9b49f8e,9.92185E+11,Netflix Peru,InternalTokenProvision,SUCCESS,The request is well received.,3bb1950c-1ac0-4c5d-a04a-a3047965b1c1,APPROVED,2025-07-09 17:44:03.357 Z,
2025-08-11 09:04:11.421 Z,V706078,1289824,424017,425262,5001A9QX1GI7XVB5MISU60WPV0098,MC,LC276,Network,829da1e0-d918-3124-8297-050eb43dc08d,eecabb1e-4087-4188-b3ba-a64b86552785,9.92185E+11,Netflix Peru,InternalTokenProvision,SUCCESS,The request is well received.,af09f000-fff7-4e5b-a4d9-c6158d9610b5,APPROVED,2025-07-09 17:44:12.468 Z,
2025-08-11 09:04:11.421 Z,V706078,1289824,424017,425262,4001A9QX1GI7XVB5MISU60WPV0106,VI,LC276,Network,6b8218d8ae4ef52d92aeab17979fe760,83534162-51e1-45ec-a304-4ead64f24f8b,9.92185E+11,Netflix Peru,InternalTokenProvision,SUCCESS,The request is well received.,759d1ced-ef1b-40a8-8a7a-c2c0429e7ad2,APPROVED,2025-07-09 17:44:12.054 Z,
2025-08-11 09:04:11.421 Z,V706078,1289824,424017,425262,5001A9QX1GI7XVB5MISU60WPV0098,MC,LC276,Network,829da1e0-d918-3124-8297-050eb43dc08d,7f80a425-7255-457b-b066-612f9728a9da,9.92185E+11,Netflix Peru,InternalTokenProvision,SUCCESS,The request is well received.,01286072-8244-4e57-814d-74ad9deb7cb0,APPROVED,2025-07-09 17:43:52.036 Z,
2025-08-11 09:04:11.421 Z,V706078,1289824,424017,425262,5001A9QX1GI7XVB5MISU60WPV0098,MC,LC276,Network,829da1e0-d918-3124-8297-050eb43dc08d,9c399392-b0c0-4578-bca4-9214a35d0925,9.92185E+11,Netflix Peru,InternalTokenProvision,SUCCESS,The request is well received.,56f8d01f-c290-42a7-a1c1-2618e136d2b0,APPROVED,2025-07-09 17:43:54.524 Z,
2025-08-11 09:04:11.421 Z,V706078,1289824,424017,425262,5001A9QX1GI7XVB5MISU60WPV0098,MC,LC276,Network,829da1e0-d918-3124-8297-050eb43dc08d,24cef746-f270-4675-b089-dff47b1e4c39,9.92185E+11,Netflix Peru,InternalTokenProvision,SUCCESS,The request is well received.,6c9a41c7-c2b6-4aa2-bac4-e8c2c21883c4,APPROVED,2025-07-09 17:44:10.351 Z,
2025-08-11 09:04:11.421 Z,V706078,1289824,424017,425262,5001A9QX1GI7XVB5MISU60WPV0098,MC,LC276,Network,829da1e0-d918-3124-8297-050eb43dc08d,44126b27-0998-4431-b24b-968820a14f57,9.92185E+11,Netflix Peru,InternalTokenProvision,SUCCESS,The request is well received.,1c38e75b-4c0a-4e20-9df2-c54a8f0b8ae8,APPROVED,2025-07-09 17:44:12.260 Z,
2025-08-11 09:04:11.421 Z,V706078,1289824,424017,425262,4001A9QX1GI7XVB5MISU60WPV0106,VI,LC276,Network,6b8218d8ae4ef52d92aeab17979fe760,e9811b68-0377-4dbc-80d1-b58f6cca9ba4,9.92185E+11,Netflix Peru,InternalTokenProvision,SUCCESS,The request is well received.,7ba167c7-eaaf-43c1-9170-0295fd345ba8,APPROVED,2025-07-09 17:44:12.238 Z,
2025-08-11 09:04:11.421 Z,V706078,1289824,424017,425262,4001A9QX1GI7XVB5MISU60WPV0106,VI,LC276,Network,6b8218d8ae4ef52d92aeab17979fe760,e516d82b-a848-439b-b26a-972a298d0520,9.92185E+11,Netflix Peru,InternalTokenProvision,SUCCESS,The request is well received.,bff9dd54-b8e2-4558-a910-a8eb731198a7,APPROVED,2025-07-09 17:44:00.690 Z,
2025-08-11 09:06:54.105 Z,V706078,1289824,424017,425262,,,LC278,Lifecycle,b2b92b5b-403d-4bd8-a756-6e415b86b291,a8649cf0-c7bd-49cb-849c-b7030cf6c4c9,9.92185E+11,Netflix Peru,TokenStateChange,,,feca39cd-fd6e-42d8-a1fb-b0cdf435734e,,2025-07-01 10:45:46.001 Z,
2025-08-11 09:06:54.105 Z,V706078,1289824,424017,425262,,,LC278,Lifecycle,b2b92b5b-403d-4bd8-a756-6e415b86b291,3dc1b49c-7f00-4a05-ad08-46cd2a5ccc0b,9.92185E+11,Netflix Peru,TokenStateChange,,,a09a20d2-f88b-43c6-ab97-1dfae86599dd,,2025-07-23 03:21:39.001 Z,
2025-08-11 09:06:54.105 Z,V706078,1289824,424017,425262,,,LC278,Lifecycle,b2b92b5b-403d-4bd8-a756-6e415b86b291,e6b957cb-fcb9-4f55-9dc7-d6dc3c0faeab,9.92185E+11,Netflix Peru,TokenStateChange,,,a7dedbdb-c773-48e0-9998-36679360658c,,2025-07-01 13:45:14.001 Z,
2025-08-11 09:06:54.105 Z,V706078,1289824,424017,425262,,,LC278,Lifecycle,b2b92b5b-403d-4bd8-a756-6e415b86b291,5e9ffd12-e676-4659-b333-6f18cb578ab0,9.92185E+11,Netflix Peru,TokenStateChange,,,54a7d5f4-b586-41be-ab7c-3d8f39c994d1,,2025-07-19 11:05:52.001 Z,
2025-08-11 09:06:54.105 Z,V706078,1289824,424017,425262,,,LC278,Lifecycle,b2b92b5b-403d-4bd8-a756-6e415b86b291,4cd9115e-e487-40b6-8888-1a9752b7fe23,9.92185E+11,Netflix Peru,TokenStateChange,,,c01404aa-2daf-4e7e-b717-2d2cc62ccf89,,2025-07-26 11:05:56.001 Z,ACTIVE
2025-08-11 09:06:54.105 Z,V706078,1289824,424017,425262,,,LC278,Lifecycle,b2b92b5b-403d-4bd8-a756-6e415b86b291,c71d351f-70fe-43f6-913a-2bc1d95b8bd2,9.92185E+11,Netflix Peru,TokenStateChange,,,53b89e52-030d-49cb-8135-360fef3e562c,,2025-07-22 11:08:05.001 Z,
2025-08-11 09:06:54.105 Z,V706078,1289824,424017,425262,,,LC278,Lifecycle,b2b92b5b-403d-4bd8-a756-6e415b86b291,a8d5c230-5baa-478f-a12c-0b7fcfd0cd02,9.92185E+11,Netflix Peru,TokenStateChange,,,a60c6c93-11d9-4709-a549-07454a00c969,,2025-07-16 03:52:17.001 Z,
2025-08-11 09:06:54.105 Z,V706078,1289824,424017,425262,,,LC278,Lifecycle,b2b92b5b-403d-4bd8-a756-6e415b86b291,988daab6-285a-4f32-9444-e58a5f5eb06c,9.92185E+11,Netflix Peru,TokenStateChange,,,8f15233c-f7be-4d1d-ad97-7cd0bca02ecc,,2025-07-17 11:07:13.001 Z,
2025-08-11 09:06:54.105 Z,V706078,1289824,424017,425262,,,LC278,Lifecycle,87f6e882ddae5f4330561650f6399862,7d0bd2b7-7426-4398-ae77-d9e6eab24147,9.92185E+11,Netflix Peru,TokenStateChange,,,256d32e0-e693-4fa0-9cbc-3d1fb5cfb7e6,,2025-07-29 00:31:39.777 Z,SUSPENDED
2025-08-11 09:06:54.105 Z,V706078,1289824,424017,425262,,,LC278,Lifecycle,15bbcede3a81ad9b42995271814091e3c,ff9697e4-3815-493a-bd90-62b1f62517aa,9.92185E+11,Netflix Peru,TokenStateChange,,,d37d6909-ab18-4ecd-ac7e-2752f826fa9e,,2025-07-22 14:25:26.426 Z,SUSPENDED
2025-08-11 09:06:54.105 Z,V706078,1289824,424017,425262,,,LC278,Lifecycle,b2b92b5b-403d-4bd8-a756-6e415b86b291,af5c5d7a-d146-4a6e-980e-918054d709f9,9.92185E+11,Netflix Peru,TokenStateChange,,,262ff6b9-b83a-40c9-97e3-2dd1cc90d207,,2025-07-12 11:06:05.001 Z,
2025-08-11 09:06:54.105 Z,V706078,1289824,424017,425262,,,LC278,Lifecycle,b2b92b5b-403d-4bd8-a756-6e415b86b291,4b43b0f1-b305-4bcf-9dc6-5fa24e117217,9.92185E+11,Netflix Peru,TokenStateChange,,,d459094a-2947-4a76-982b-cb983fec7e52,,2025-07-08 11:08:51.001 Z,
2025-08-11 09:06:54.105 Z,V706078,1289824,424017,425262,,,LC278,Lifecycle,b2b92b5b-403d-4bd8-a756-6e415b86b291,62917e87-350e-42bc-bf9f-109ec720f358,9.92185E+11,Netflix Peru,TokenStateChange,,,0ab56db2-d63f-4780-983f-16b2eee6a17f,,2025-07-17 14:11:57.001 Z,
2025-08-11 09:06:54.105 Z,V706078,1289824,424017,425262,,,LC278,Lifecycle,b2b92b5b-403d-4bd8-a756-6e415b86b291,ba0e35cd-65b4-420c-8f6e-e6db7c229140,9.92185E+11,Netflix Peru,TokenStateChange,,,aca61dfd-f9ed-4a6e-afc9-f57f89e5cc04,,2025-07-18 11:07:02.001 Z,
2025-08-11 09:06:54.105 Z,V706078,1289824,424017,425262,,,LC278,Lifecycle,b2b92b5b-403d-4bd8-a756-6e415b86b291,79fe1735-ce43-4957-9506-4c4c1eca6b98,9.92185E+11,Netflix Peru,TokenStateChange,,,f43be3bf-2888-4afb-bf94-5eace21076ef,,2025-07-10 11:08:08.001 Z,
2025-08-11 09:06:54.105 Z,V706078,1289824,424017,425262,,,LC278,Lifecycle,b2b92b5b-403d-4bd8-a756-6e415b86b291,f4f7d5fb-368b-4148-aba4-e235256f1926,9.92185E+11,Netflix Peru,TokenStateChange,,,6ef3eba9-128e-43b3-8a8d-fe00e65bce9f,,2025-07-08 19:34:39.001 Z,
2025-08-11 09:06:54.105 Z,V706078,1289824,424017,425262,,,LC278,Lifecycle,b2b92b5b-403d-4bd8-a756-6e415b86b291,087ee511-1b9e-43c0-b79b-c82fd54ead8e,9.92185E+11,Netflix Peru,TokenStateChange,,,67d7ec50-392b-402e-a93a-f1d832d779e9,,2025-07-28 11:07:01.001 Z,ACTIVE
2025-08-11 09:06:54.105 Z,V706078,1289824,424017,425262,,,LC278,Lifecycle,b2b92b5b-403d-4bd8-a756-6e415b86b291,024e50d5-5b93-4eb3-ae5b-03fc9503cc48,9.92185E+11,Netflix Peru,TokenStateChange,,,14e92579-56d2-467b-9fd1-d97db2afb512,,2025-07-17 08:12:21.001 Z,
2025-08-11 09:06:54.105 Z,V706078,1289824,424017,425262,,,LC278,Lifecycle,b2b92b5b-403d-4bd8-a756-6e415b86b291,b9590668-768f-4822-a704-5294f3933e4b,9.92185E+11,Netflix Peru,TokenStateChange,,,f005fa56-f01a-4072-a78c-e0795b420975,,2025-07-30 11:07:22.001 Z,ACTIVE
2025-08-11 09:04:11.421 Z,V706078,1289824,424017,425262,5001A9QX1GI7XVB5MISU60WPV0098,MC,LC276,Network,829da1e0-d918-3124-8297-050eb43dc08d,fc79f2e9-f08d-4023-b826-b9e96069e56e,9.92185E+11,Netflix Peru,InternalTokenProvision,SUCCESS,The request is well received.,dc558016-15f4-4c28-8218-0b04b0babcb7,APPROVED,2025-07-09 17:43:52.102 Z,
2025-08-11 09:04:11.421 Z,V706078,1289824,424017,425262,5001A9QX1GI7XVB5MISU60WPV0098,MC,LC276,Network,829da1e0-d918-3124-8297-050eb43dc08d,0c778068-49fe-41fc-94dc-48ccb9793464,9.92185E+11,Netflix Peru,InternalTokenProvision,SUCCESS,The request is well received.,569561fd-2ced-43e4-8873-9d950ceda588,APPROVED,2025-07-09 17:44:05.990 Z,
2025-08-11 09:04:11.421 Z,V706078,1289824,424017,425262,4001A9QX1GI7XVB5MISU60WPV0106,VI,LC276,Network,6b8218d8ae4ef52d92aeab17979fe760,2e7e8a57-885f-4682-a320-81fa55d74f0e,9.92185E+11,Netflix Peru,InternalTokenProvision,SUCCESS,The request is well received.,39bfa347-fe91-4bb5-b5eb-de118b4e359f,APPROVED,2025-07-09 17:43:57.877 Z,
2025-08-11 09:04:11.421 Z,V706078,1289824,424017,425262,5001A9QX1GI7XVB5MISU60WPV0098,MC,LC276,Network,829da1e0-d918-3124-8297-050eb43dc08d,720ebf3d-c123-40ea-8ae7-f84580062701,9.92185E+11,Netflix Peru,InternalTokenProvision,SUCCESS,The request is well received.,48e41ff3-53d4-4197-b864-f02d962f54ab,APPROVED,2025-07-09 17:44:09.421 Z,
2025-08-11 09:04:11.421 Z,V706078,1289824,424017,425262,5001A9QX1GI7XVB5MISU60WPV0098,MC,LC276,Network,829da1e0-d918-3124-8297-050eb43dc08d,e32416dd-c937-4df7-a9d3-780ad385a51f,9.92185E+11,Netflix Peru,InternalTokenProvision,SUCCESS,The request is well received.,8109b1df-f065-447e-a14f-fb74ca35c63f,APPROVED,2025-07-09 17:44:13.291 Z,
2025-08-11 09:04:11.421 Z,V706078,1289824,424017,425262,4001A9QX1GI7XVB5MISU60WPV0106,VI,LC276,Network,6b8218d8ae4ef52d92aeab17979fe760,c395167b-6e9c-4b42-99dc-ca84496b3639,9.92185E+11,Netflix Peru,InternalTokenProvision,SUCCESS,The request is well received.,c0ae9fc6-b610-4d58-835e-8cf6522f89cd,APPROVED,2025-07-09 17:44:26.998 Z,
2025-08-11 09:04:11.421 Z,V706078,1289824,424017,425262,4001A9QX1GI7XVB5MISU60WPV0106,VI,LC276,Network,6b8218d8ae4ef52d92aeab17979fe760,f7e74777-c3e0-43c6-b364-a8f63e5faeda,9.92185E+11,Netflix Peru,InternalTokenProvision,SUCCESS,The request is well received.,8a9a728f-a495-43a8-94d4-7b9f132e6167,APPROVED,2025-07-09 17:44:16.419 Z,
2025-08-11 09:04:11.421 Z,V706078,1289824,424017,425262,5001A9QX1GI7XVB5MISU60WPV0098,MC,LC276,Network,829da1e0-d918-3124-8297-050eb43dc08d,f6648750-dee2-4006-8188-def74f53d1c1,9.92185E+11,Netflix Peru,InternalTokenProvision,SUCCESS,The request is well received.,8cbcdbce-5c1a-4d79-8b14-775b11de460b,APPROVED,2025-07-09 17:44:10.194 Z,
EntityIdentifier=992184712844,EntityName=Netflix Peru,Frequency=adhoc,,,,,,,,,,,,,,,,,
NB: Aggregated state changes reported for Processing entities enabled for network tokenization at the profile level.,,,,,,,,,,,,,,,,,,,
